subreddit,illness_worry,bodily_vigilance,serious_illness_fear,symptom_checking,reassurance_seeking,difficulty_reassured,medical_help_seeking
Agoraphobia,0.00012,0.000436,0.000187,1.5e-05,0.001486,0.000106,8.5e-05
Anxiety,0.000336,0.000468,0.000798,3e-05,0.000389,0.000106,9e-05
AnxietyDepression,6.1e-05,0.000327,0.000161,1.2e-05,0.000353,4.7e-05,6e-05
Anxietyhelp,0.000356,0.000431,0.000594,5.2e-05,0.000425,8.2e-05,0.000108
AskDocs,8e-06,0.000167,0.001377,2e-05,4.3e-05,9.2e-05,0.000389
BPD,5e-06,1.5e-05,0.000188,8e-06,0.000264,4.9e-05,9e-06
BipolarReddit,1.5e-05,4.7e-05,0.000147,2.3e-05,0.000134,6.8e-05,7.8e-05
COVID19_support,9e-05,0.000239,0.000304,1.9e-05,0.000247,8.6e-05,4.3e-05
COVID19positive,7.7e-05,0.001203,0.000508,1.1e-05,0.001904,0.000113,0.000488
CPTSD,1.5e-05,2.2e-05,0.000165,3e-05,0.000166,3.8e-05,4e-06
CasualConversation,0.0,3.4e-05,0.00011,6e-06,0.000124,1.8e-05,3.6e-05
ChronicIllness,0.00011,0.000235,0.000809,2.8e-05,0.000183,0.000116,0.000172
Cooking,3e-06,4e-06,6.3e-05,2.4e-05,0.000556,1e-05,6e-06
CovidLongHaulers,5e-06,0.000499,0.000465,2.9e-05,6.4e-05,7.8e-05,9.2e-05
Emetophobia,1e-05,0.000108,0.00018,2.6e-05,0.000924,8e-05,0.000142
HealthAnxiety,0.003841,0.000761,0.003202,0.000177,0.000687,6.7e-05,0.000225
LivingAlone,3e-06,1.9e-05,0.000107,0.0,0.000223,2.2e-05,0.0
OCD,9.8e-05,6.2e-05,0.000248,4.5e-05,0.000858,6.1e-05,2e-05
PTSD,1.8e-05,3.3e-05,0.000192,1.2e-05,7.9e-05,8.8e-05,8e-06
PanicAttack,0.000313,0.001356,0.001389,2.4e-05,0.000237,0.000104,0.000234
SuicideWatch,1.7e-05,2.1e-05,0.000521,0.0,0.000129,2.6e-05,2e-05
agoraphobia,6.7e-05,0.000196,0.00023,1.1e-05,0.000113,2.5e-05,8.3e-05
cooking,0.0,0.0,7.3e-05,0.0,0.0,1e-05,0.0
covidlonghaulers,3.3e-05,0.001051,0.000405,4.5e-05,0.001686,4.6e-05,0.00032
depression,2.1e-05,9e-06,0.000464,2e-06,0.000236,7.4e-05,1e-06
depression_help,4e-06,1.3e-05,0.000147,5e-06,0.000222,2.8e-05,1e-05
dpdr,7.4e-05,0.000327,0.000152,3.6e-05,0.000371,7.5e-05,0.00011
emetophobia,3.6e-05,0.000353,0.00023,1.8e-05,0.00169,8.3e-05,7.3e-05
explainlikeimfive,0.0,2.7e-05,0.000396,9e-06,4.9e-05,4e-06,2.5e-05
ibs,3e-05,0.00012,0.000246,1.1e-05,0.000186,0.00011,0.000185
mentalhealth,1.9e-05,2.8e-05,0.000171,1.4e-05,0.000158,8.6e-05,3.1e-05
panicdisorder,0.000291,0.000787,0.000767,4e-06,0.000354,4.5e-05,0.000258
personalfinance,1.1e-05,5e-06,7.4e-05,4e-05,2.2e-05,1.7e-05,2.7e-05
ptsd,1e-05,0.000129,0.000163,2.7e-05,0.001878,0.00012,4.4e-05
relationship_advice,1e-06,2.5e-05,0.00021,4e-06,0.000126,3.4e-05,5e-06
socialanxiety,3.9e-05,2.2e-05,5e-05,4e-06,0.000249,4.5e-05,0.0
